"Tabela 4097 - Pessoas de 14 anos ou mais de idade, ocupadas na semana de referência, por posição na ocupação e categoria do emprego no trabalho principal"
"Variável - Distribuição percentual das pessoas de 14 anos ou mais de idade ocupadas na semana de referência (%)"
"Trimestre";"";"Posição na ocupação e categoria do emprego no trabalho principal"
"Trimestre";"";"Total";"Empregado no setor privado, exclusive trabalhador doméstico";"Empregado no setor privado, exclusive trabalhador doméstico - com carteira de trabalho assinada";"Empregado no setor privado, exclusive trabalhador doméstico - sem carteira de trabalho assinada";"Trabalhador doméstico";"Trabalhador doméstico - com carteira de trabalho assinada";"Trabalhador doméstico - sem carteira de trabalho assinada";"Empregado no setor público";"Empregado no setor público, exclusive militar e funcionário público estatutário - com carteira de trabalho assinada";"Empregado no setor público, exclusive militar e funcionário público estatutário - sem carteira de trabalho assinada";"Empregado no setor público - militar e funcionário público estatutário";"Empregador";"Conta própria";"Trabalhador familiar auxiliar"
"1º trimestre 2012";"Brasil";"100,0";"51,6";"39,0";"12,6";"6,8";"2,2";"4,6";"12,2";"1,7";"2,3";"8,3";"3,9";"22,9";"2,7"
"2º trimestre 2012";"Brasil";"100,0";"51,6";"39,1";"12,5";"6,7";"2,1";"4,6";"12,3";"1,6";"2,4";"8,3";"3,9";"22,2";"3,2"
"3º trimestre 2012";"Brasil";"100,0";"51,9";"39,3";"12,6";"6,6";"2,1";"4,6";"12,4";"1,5";"2,5";"8,4";"3,9";"22,0";"3,1"
"4º trimestre 2012";"Brasil";"100,0";"51,9";"39,6";"12,3";"6,6";"2,1";"4,6";"12,0";"1,5";"2,3";"8,2";"4,0";"22,3";"3,1"
"1º trimestre 2013";"Brasil";"100,0";"52,0";"39,7";"12,3";"6,6";"2,1";"4,5";"11,9";"1,5";"2,1";"8,2";"4,0";"22,4";"3,0"
"2º trimestre 2013";"Brasil";"100,0";"51,8";"39,7";"12,1";"6,4";"2,0";"4,5";"12,2";"1,5";"2,4";"8,2";"4,1";"22,5";"3,0"
"3º trimestre 2013";"Brasil";"100,0";"52,1";"40,0";"12,1";"6,4";"1,9";"4,5";"12,1";"1,4";"2,4";"8,3";"4,0";"22,5";"2,9"
"4º trimestre 2013";"Brasil";"100,0";"52,0";"40,2";"11,8";"6,4";"2,0";"4,4";"11,9";"1,4";"2,4";"8,1";"4,1";"22,7";"3,0"
"1º trimestre 2014";"Brasil";"100,0";"52,4";"40,8";"11,6";"6,3";"2,0";"4,3";"12,0";"1,4";"2,3";"8,3";"4,0";"22,5";"2,8"
"2º trimestre 2014";"Brasil";"100,0";"52,3";"41,0";"11,3";"6,4";"2,0";"4,4";"12,1";"1,4";"2,4";"8,3";"4,0";"22,4";"2,8"
"3º trimestre 2014";"Brasil";"100,0";"51,9";"40,7";"11,2";"6,3";"2,0";"4,3";"12,3";"1,4";"2,5";"8,3";"4,0";"22,8";"2,7"
"4º trimestre 2014";"Brasil";"100,0";"51,8";"40,3";"11,4";"6,3";"2,0";"4,3";"12,2";"1,5";"2,5";"8,3";"4,1";"22,9";"2,7"
"1º trimestre 2015";"Brasil";"100,0";"51,3";"40,3";"11,1";"6,4";"2,0";"4,3";"12,0";"1,4";"2,3";"8,3";"4,3";"23,1";"2,8"
"2º trimestre 2015";"Brasil";"100,0";"51,1";"40,0";"11,1";"6,3";"2,0";"4,3";"12,1";"1,4";"2,4";"8,3";"4,2";"23,4";"2,9"
"3º trimestre 2015";"Brasil";"100,0";"50,7";"39,5";"11,2";"6,4";"2,0";"4,4";"12,2";"1,4";"2,5";"8,3";"4,3";"23,6";"2,8"
"4º trimestre 2015";"Brasil";"100,0";"50,4";"39,4";"11,0";"6,6";"2,2";"4,4";"12,0";"1,3";"2,4";"8,2";"4,2";"24,3";"2,5"
"1º trimestre 2016";"Brasil";"100,0";"50,0";"39,2";"10,9";"6,7";"2,3";"4,4";"11,8";"1,3";"2,2";"8,3";"4,0";"25,1";"2,3"
"2º trimestre 2016";"Brasil";"100,0";"50,1";"38,8";"11,3";"6,7";"2,2";"4,5";"12,1";"1,3";"2,4";"8,4";"4,0";"24,8";"2,3"
"3º trimestre 2016";"Brasil";"100,0";"50,4";"38,8";"11,6";"6,7";"2,2";"4,5";"12,3";"1,2";"2,4";"8,6";"4,5";"23,9";"2,2"
"4º trimestre 2016";"Brasil";"100,0";"50,3";"38,5";"11,8";"6,6";"2,1";"4,5";"12,2";"1,3";"2,2";"8,7";"4,5";"24,1";"2,3"
"1º trimestre 2017";"Brasil";"100,0";"50,0";"38,4";"11,6";"6,6";"2,1";"4,6";"11,9";"1,2";"2,0";"8,7";"4,6";"24,5";"2,4"
"2º trimestre 2017";"Brasil";"100,0";"49,7";"37,7";"11,9";"6,6";"2,0";"4,6";"12,2";"1,3";"2,6";"8,3";"4,6";"24,6";"2,3"
"3º trimestre 2017";"Brasil";"100,0";"49,4";"37,3";"12,1";"6,6";"2,0";"4,6";"12,3";"1,4";"2,7";"8,2";"4,6";"24,7";"2,4"
"4º trimestre 2017";"Brasil";"100,0";"49,3";"37,0";"12,2";"6,7";"2,0";"4,8";"12,2";"1,2";"2,7";"8,2";"4,7";"24,8";"2,3"
"1º trimestre 2018";"Brasil";"100,0";"49,2";"37,2";"12,0";"6,7";"2,0";"4,7";"12,1";"1,3";"2,4";"8,4";"4,7";"24,9";"2,4"
"2º trimestre 2018";"Brasil";"100,0";"49,1";"36,8";"12,3";"6,6";"2,0";"4,7";"12,4";"1,4";"2,7";"8,3";"4,7";"24,9";"2,3"
"3º trimestre 2018";"Brasil";"100,0";"49,1";"36,5";"12,6";"6,6";"1,9";"4,7";"12,4";"1,4";"2,7";"8,2";"4,7";"24,9";"2,3"
"4º trimestre 2018";"Brasil";"100,0";"49,0";"36,4";"12,6";"6,5";"1,9";"4,7";"12,2";"1,3";"2,6";"8,3";"4,8";"25,2";"2,3"
"1º trimestre 2019";"Brasil";"100,0";"49,1";"36,7";"12,3";"6,4";"1,9";"4,6";"12,0";"1,3";"2,3";"8,4";"4,7";"25,4";"2,3"
"2º trimestre 2019";"Brasil";"100,0";"49,0";"36,4";"12,6";"6,5";"1,8";"4,7";"12,2";"1,4";"2,6";"8,2";"4,6";"25,4";"2,3"
"3º trimestre 2019";"Brasil";"100,0";"49,0";"36,1";"12,9";"6,5";"1,8";"4,7";"12,1";"1,3";"2,7";"8,1";"4,6";"25,6";"2,2"
"4º trimestre 2019";"Brasil";"100,0";"49,3";"36,5";"12,8";"6,5";"1,8";"4,7";"12,0";"1,2";"2,6";"8,1";"4,6";"25,5";"2,1"
"1º trimestre 2020";"Brasil";"100,0";"49,1";"36,8";"12,3";"6,3";"1,7";"4,5";"12,2";"1,3";"2,5";"8,5";"4,7";"25,7";"2,1"
"2º trimestre 2020";"Brasil";"100,0";"48,0";"37,3";"10,7";"5,4";"1,6";"3,8";"14,2";"1,4";"2,9";"9,9";"4,6";"25,5";"2,2"
"3º trimestre 2020";"Brasil";"100,0";"48,2";"36,8";"11,4";"5,3";"1,5";"3,8";"13,7";"1,4";"2,7";"9,6";"4,6";"25,8";"2,4"
"4º trimestre 2020";"Brasil";"100,0";"48,1";"36,1";"12,0";"5,4";"1,4";"4,0";"13,4";"1,3";"2,6";"9,4";"4,4";"26,4";"2,3"
"1º trimestre 2021";"Brasil";"100,0";"47,8";"36,1";"11,8";"5,5";"1,5";"4,0";"13,1";"1,3";"2,2";"9,6";"4,3";"27,1";"2,3"
"2º trimestre 2021";"Brasil";"100,0";"47,7";"35,8";"11,8";"5,5";"1,4";"4,1";"12,8";"1,4";"2,4";"9,1";"4,2";"27,6";"2,2"
"3º trimestre 2021";"Brasil";"100,0";"48,5";"35,9";"12,6";"5,8";"1,4";"4,4";"12,0";"1,3";"2,4";"8,3";"4,1";"27,4";"2,2"
"4º trimestre 2021";"Brasil";"100,0";"48,9";"35,9";"13,0";"6,0";"1,5";"4,5";"11,9";"1,3";"2,6";"8,0";"4,1";"27,1";"2,0"
"1º trimestre 2022";"Brasil";"100,0";"49,3";"36,5";"12,8";"5,9";"1,5";"4,5";"11,8";"1,3";"2,5";"8,1";"4,3";"26,5";"2,1"
"2º trimestre 2022";"Brasil";"100,0";"49,6";"36,3";"13,3";"6,0";"1,5";"4,5";"12,1";"1,3";"2,8";"8,0";"4,3";"26,2";"1,8"
"3º trimestre 2022";"Brasil";"100,0";"49,8";"36,4";"13,3";"6,0";"1,5";"4,5";"12,3";"1,3";"3,1";"7,8";"4,4";"25,9";"1,7"
"4º trimestre 2022";"Brasil";"100,0";"50,3";"37,0";"13,3";"5,9";"1,5";"4,4";"12,2";"1,4";"3,0";"7,8";"4,3";"25,6";"1,6"
"1º trimestre 2023";"Brasil";"100,0";"50,5";"37,4";"13,1";"5,9";"1,5";"4,4";"12,1";"1,4";"2,8";"7,8";"4,2";"25,7";"1,5"
"2º trimestre 2023";"Brasil";"100,0";"50,4";"37,1";"13,2";"6,0";"1,5";"4,5";"12,4";"1,4";"3,2";"7,8";"4,2";"25,5";"1,6"
"3º trimestre 2023";"Brasil";"100,0";"50,7";"37,4";"13,3";"5,9";"1,4";"4,4";"12,2";"1,4";"3,1";"7,7";"4,2";"25,5";"1,5"
"4º trimestre 2023";"Brasil";"100,0";"51,0";"37,6";"13,4";"6,0";"1,4";"4,6";"12,1";"1,4";"3,0";"7,6";"4,2";"25,3";"1,4"
"1º trimestre 2024";"Brasil";"100,0";"51,2";"37,9";"13,4";"5,9";"1,5";"4,5";"12,0";"1,4";"2,9";"7,7";"4,1";"25,3";"1,4"
"2º trimestre 2024";"Brasil";"100,0";"51,2";"37,7";"13,6";"5,8";"1,4";"4,4";"12,4";"1,5";"3,2";"7,7";"4,2";"25,0";"1,3"
"3º trimestre 2024";"Brasil";"100,0";"51,7";"37,8";"13,9";"5,8";"1,4";"4,4";"12,4";"1,5";"3,3";"7,6";"4,2";"24,6";"1,3"
"4º trimestre 2024";"Brasil";"100,0";"51,5";"37,8";"13,7";"5,8";"1,4";"4,4";"12,3";"1,4";"3,2";"7,6";"4,2";"25,0";"1,3"
"1º trimestre 2025";"Brasil";"100,0";"51,6";"38,5";"13,1";"5,6";"1,4";"4,3";"12,2";"1,5";"2,8";"7,9";"4,2";"25,2";"1,2"
"2º trimestre 2025";"Brasil";"100,0";"51,4";"38,1";"13,2";"5,6";"1,4";"4,2";"12,5";"1,6";"3,2";"7,8";"4,1";"25,2";"1,2"
"3º trimestre 2025";"Brasil";"100,0";"51,5";"38,3";"13,2";"5,4";"1,3";"4,1";"12,5";"1,6";"3,3";"7,7";"4,1";"25,3";"1,2"
"4º trimestre 2025";"Brasil";"100,0";"51,4";"38,3";"13,2";"5,4";"1,3";"4,1";"12,6";"1,6";"3,3";"7,8";"4,0";"25,3";"1,2"
"Fonte: IBGE - Pesquisa Nacional por Amostra de Domicílios Contínua trimestral"

"Notas"
"A partir do 4º trimestre de 2015, em acordo com as recomendações da 19ª Conferência Internacional de Estatísticos do Trabalho - CIET, da OIT, pessoas em licença remunerada, independentemente do tempo de afastamento, passaram a ser classificadas como ""ocupadas"" e seus rendimentos do trabalho foram coletados normalmente. Anteriormente, as pessoas em licença remunerada na semana de referência da pesquisa e que estavam afastadas por período inferior a 4 meses eram classificadas como ""ocupadas"". Caso esse afastamento fosse igual ou superior a 4 meses, essas pessoas eram definidas como ""fora da força de trabalho"" e, portanto, não se investigava o rendimento do trabalho.
Além disso, a partir do 4º trimestre de 2015, também passaram a ser classificadas como ""ocupadas"" as pessoas que ajudaram, sem receber remuneração, no trabalho remunerado de parente, adicionalmente àquelas que ajudaram no trabalho remunerado de outro morador do mesmo domicílio. Anteriormente, eram consideradas ""ocupadas"" apenas as pessoas que ajudaram, sem receber remuneração, no trabalho remunerado de outro morador do mesmo domicílio.
A partir de 15 de agosto de 2025, as estimativas deste tema passaram a ser divulgadas com base na nova ponderação da pesquisa, conforme a Nota Técnica 02/2025. Consequentemente, a série histórica dos indicadores foi atualizada."
""
"Legenda"
"Símbolo";"Significado"
"-";"Zero absoluto, não resultante de um cálculo ou arredondamento.
Ex: Em determinado município não existem pessoas de 14 anos de idade sem instrução."
"0";"Zero resultante de um cálculo ou arredondamento.
Ex: A inflação do feijão em determinada Região Metropolitana foi 0.
Determinado município produziu 400 kg de sementes de girassol e os dados da tabela são expressos em toneladas."
"X";"Valor inibido para não identificar o informante.
Ex: Determinado município só possui uma empresa produtora de cimento, logo o valor de sua produção deve ser inibido."
"..";"Valor não se aplica.
Ex: Não se pode obter o total da produção agrícola em determinado município quando os produtos agrícolas são contabilizados com unidades de medida distintas."
"...";"Valor não disponível.
Ex: A produção de feijão em determinado município não foi pesquisada ou determinado município não existia no ano da pesquisa."
"A a Z
(exceto X)";"Significa uma faixa de valores. Varia em função da tabela (se for o caso).
Ex: O nível de precisão da produção estimada de combustíveis está na faixa A (95 a 100%)"
